{"lr": 0.009989084308262066, "data_time": 0.012393355369567871, "loss": 0.5070013046264649, "decode.loss_ce": 0.5070013046264649, "decode.acc_seg": 68.05877685546875, "time": 0.6025408029556274, "iter": 50, "step": 50}
