{"lr": 0.009997271253657354, "data_time": 0.00640256404876709, "loss": 0.5978261590003967, "decode.loss_ce": 0.5978261590003967, "decode.acc_seg": 70.6878662109375, "time": 0.4218975782394409, "iter": 50, "step": 50}
