{"lr": 0.009997271253657354, "data_time": 0.007840561866760253, "loss": 0.5431986451148987, "decode.loss_ce": 0.5431986451148987, "decode.acc_seg": 82.25250244140625, "time": 0.441011905670166, "iter": 50, "step": 50}
{"lr": 0.00999448673244192, "data_time": 0.009741115570068359, "loss": 0.5792300552129745, "decode.loss_ce": 0.5792300552129745, "decode.acc_seg": 78.40118408203125, "time": 0.5117758274078369, "iter": 100, "step": 100}
